1,1,0.001,14
1,1,0.001,12
1,1,0.001,12
1,1,0.001,14
1,1,0.001,11
1,1,0.001,13
1,1,0.001,16
1,1,0.001,11
1,1,0.001,13
1,1,0.001,12
1,1,0.0012589254117941675,13
1,1,0.0012589254117941675,10
1,1,0.0012589254117941675,9
1,1,0.0012589254117941675,12
1,1,0.0012589254117941675,12
1,1,0.0012589254117941675,13
1,1,0.0012589254117941675,12
1,1,0.0012589254117941675,14
1,1,0.0012589254117941675,12
1,1,0.0012589254117941675,14
1,1,0.001584893192461114,11
1,1,0.001584893192461114,14
1,1,0.001584893192461114,11
1,1,0.001584893192461114,12
1,1,0.001584893192461114,14
1,1,0.001584893192461114,11
1,1,0.001584893192461114,12
1,1,0.001584893192461114,10
1,1,0.001584893192461114,9
1,1,0.001584893192461114,8
1,1,0.001995262314968879,8
1,1,0.001995262314968879,10
1,1,0.001995262314968879,12
1,1,0.001995262314968879,10
1,1,0.001995262314968879,11
1,1,0.001995262314968879,11
1,1,0.001995262314968879,12
1,1,0.001995262314968879,10
1,1,0.001995262314968879,8
1,1,0.001995262314968879,8
1,1,0.0025118864315095794,8
1,1,0.0025118864315095794,9
1,1,0.0025118864315095794,8
1,1,0.0025118864315095794,7
1,1,0.0025118864315095794,10
1,1,0.0025118864315095794,9
1,1,0.0025118864315095794,7
1,1,0.0025118864315095794,8
1,1,0.0025118864315095794,9
1,1,0.0025118864315095794,10
1,1,0.0031622776601683794,9
1,1,0.0031622776601683794,6
1,1,0.0031622776601683794,8
1,1,0.0031622776601683794,6
1,1,0.0031622776601683794,7
1,1,0.0031622776601683794,7
1,1,0.0031622776601683794,7
1,1,0.0031622776601683794,8
1,1,0.0031622776601683794,8
1,1,0.0031622776601683794,7
1,1,0.003981071705534973,6
1,1,0.003981071705534973,7
1,1,0.003981071705534973,5
1,1,0.003981071705534973,8
1,1,0.003981071705534973,8
1,1,0.003981071705534973,5
1,1,0.003981071705534973,6
1,1,0.003981071705534973,8
1,1,0.003981071705534973,7
1,1,0.003981071705534973,7
1,1,0.005011872336272725,6
1,1,0.005011872336272725,7
1,1,0.005011872336272725,7
1,1,0.005011872336272725,5
1,1,0.005011872336272725,5
1,1,0.005011872336272725,5
1,1,0.005011872336272725,6
1,1,0.005011872336272725,7
1,1,0.005011872336272725,5
1,1,0.005011872336272725,5
1,1,0.00630957344480193,5
1,1,0.00630957344480193,5
1,1,0.00630957344480193,5
1,1,0.00630957344480193,5
1,1,0.00630957344480193,6
1,1,0.00630957344480193,5
1,1,0.00630957344480193,6
1,1,0.00630957344480193,5
1,1,0.00630957344480193,5
1,1,0.00630957344480193,5
1,1,0.007943282347242814,4
1,1,0.007943282347242814,4
1,1,0.007943282347242814,5
1,1,0.007943282347242814,4
1,1,0.007943282347242814,4
1,1,0.007943282347242814,4
1,1,0.007943282347242814,5
1,1,0.007943282347242814,5
1,1,0.007943282347242814,5
1,1,0.007943282347242814,4
1,1,0.01,4
1,1,0.01,4
1,1,0.01,4
1,1,0.01,4
1,1,0.01,4
1,1,0.01,4
1,1,0.01,4
1,1,0.01,4
1,1,0.01,5
1,1,0.01,5
1,1,0.012589254117941675,4
1,1,0.012589254117941675,4
1,1,0.012589254117941675,4
1,1,0.012589254117941675,3
1,1,0.012589254117941675,4
1,1,0.012589254117941675,4
1,1,0.012589254117941675,4
1,1,0.012589254117941675,4
1,1,0.012589254117941675,4
1,1,0.012589254117941675,4
1,1,0.01584893192461114,3
1,1,0.01584893192461114,4
1,1,0.01584893192461114,4
1,1,0.01584893192461114,3
1,1,0.01584893192461114,4
1,1,0.01584893192461114,4
1,1,0.01584893192461114,4
1,1,0.01584893192461114,4
1,1,0.01584893192461114,4
1,1,0.01584893192461114,3
1,1,0.0199526231496888,4
1,1,0.0199526231496888,3
1,1,0.0199526231496888,4
1,1,0.0199526231496888,4
1,1,0.0199526231496888,4
1,1,0.0199526231496888,4
1,1,0.0199526231496888,3
1,1,0.0199526231496888,3
1,1,0.0199526231496888,4
1,1,0.0199526231496888,4
1,1,0.025118864315095808,3
1,1,0.025118864315095808,3
1,1,0.025118864315095808,3
1,1,0.025118864315095808,3
1,1,0.025118864315095808,3
1,1,0.025118864315095808,3
1,1,0.025118864315095808,3
1,1,0.025118864315095808,3
1,1,0.025118864315095808,3
1,1,0.025118864315095808,3
1,1,0.03162277660168379,3
1,1,0.03162277660168379,3
1,1,0.03162277660168379,3
1,1,0.03162277660168379,3
1,1,0.03162277660168379,3
1,1,0.03162277660168379,3
1,1,0.03162277660168379,3
1,1,0.03162277660168379,3
1,1,0.03162277660168379,3
1,1,0.03162277660168379,3
1,1,0.039810717055349734,3
1,1,0.039810717055349734,3
1,1,0.039810717055349734,3
1,1,0.039810717055349734,3
1,1,0.039810717055349734,3
1,1,0.039810717055349734,3
1,1,0.039810717055349734,3
1,1,0.039810717055349734,3
1,1,0.039810717055349734,3
1,1,0.039810717055349734,3
1,1,0.05011872336272725,3
1,1,0.05011872336272725,3
1,1,0.05011872336272725,3
1,1,0.05011872336272725,3
1,1,0.05011872336272725,3
1,1,0.05011872336272725,2
1,1,0.05011872336272725,3
1,1,0.05011872336272725,2
1,1,0.05011872336272725,2
1,1,0.05011872336272725,2
1,1,0.06309573444801933,2
1,1,0.06309573444801933,2
1,1,0.06309573444801933,2
1,1,0.06309573444801933,2
1,1,0.06309573444801933,2
1,1,0.06309573444801933,3
1,1,0.06309573444801933,2
1,1,0.06309573444801933,2
1,1,0.06309573444801933,2
1,1,0.06309573444801933,2
1,1,0.07943282347242818,2
1,1,0.07943282347242818,3
1,1,0.07943282347242818,2
1,1,0.07943282347242818,2
1,1,0.07943282347242818,2
1,1,0.07943282347242818,2
1,1,0.07943282347242818,2
1,1,0.07943282347242818,3
1,1,0.07943282347242818,2
1,1,0.07943282347242818,2
1,1,0.1,2
1,1,0.1,2
1,1,0.1,2
1,1,0.1,2
1,1,0.1,2
1,1,0.1,2
1,1,0.1,2
1,1,0.1,2
1,1,0.1,2
1,1,0.1,2
1,1,0.12589254117941676,2
1,1,0.12589254117941676,2
1,1,0.12589254117941676,2
1,1,0.12589254117941676,2
1,1,0.12589254117941676,2
1,1,0.12589254117941676,2
1,1,0.12589254117941676,2
1,1,0.12589254117941676,2
1,1,0.12589254117941676,2
1,1,0.12589254117941676,2
1,1,0.15848931924611143,2
1,1,0.15848931924611143,2
1,1,0.15848931924611143,2
1,1,0.15848931924611143,2
1,1,0.15848931924611143,2
1,1,0.15848931924611143,2
1,1,0.15848931924611143,2
1,1,0.15848931924611143,2
1,1,0.15848931924611143,2
1,1,0.15848931924611143,2
1,1,0.19952623149688808,2
1,1,0.19952623149688808,2
1,1,0.19952623149688808,2
1,1,0.19952623149688808,2
1,1,0.19952623149688808,2
1,1,0.19952623149688808,2
1,1,0.19952623149688808,2
1,1,0.19952623149688808,2
1,1,0.19952623149688808,2
1,1,0.19952623149688808,2
1,1,0.25118864315095824,2
1,1,0.25118864315095824,2
1,1,0.25118864315095824,2
1,1,0.25118864315095824,2
1,1,0.25118864315095824,2
1,1,0.25118864315095824,2
1,1,0.25118864315095824,2
1,1,0.25118864315095824,2
1,1,0.25118864315095824,2
1,1,0.25118864315095824,2
1,1,0.31622776601683794,2
1,1,0.31622776601683794,2
1,1,0.31622776601683794,2
1,1,0.31622776601683794,2
1,1,0.31622776601683794,2
1,1,0.31622776601683794,2
1,1,0.31622776601683794,2
1,1,0.31622776601683794,2
1,1,0.31622776601683794,2
1,1,0.31622776601683794,2
1,1,0.3981071705534973,2
1,1,0.3981071705534973,2
1,1,0.3981071705534973,2
1,1,0.3981071705534973,2
1,1,0.3981071705534973,2
1,1,0.3981071705534973,2
1,1,0.3981071705534973,2
1,1,0.3981071705534973,2
1,1,0.3981071705534973,2
1,1,0.3981071705534973,2
1,1,0.5011872336272725,2
1,1,0.5011872336272725,2
1,1,0.5011872336272725,2
1,1,0.5011872336272725,2
1,1,0.5011872336272725,2
1,1,0.5011872336272725,2
1,1,0.5011872336272725,2
1,1,0.5011872336272725,2
1,1,0.5011872336272725,2
1,1,0.5011872336272725,2
1,1,0.6309573444801936,2
1,1,0.6309573444801936,2
1,1,0.6309573444801936,2
1,1,0.6309573444801936,2
1,1,0.6309573444801936,2
1,1,0.6309573444801936,2
1,1,0.6309573444801936,2
1,1,0.6309573444801936,2
1,1,0.6309573444801936,2
1,1,0.6309573444801936,2
1,1,0.7943282347242822,2
1,1,0.7943282347242822,2
1,1,0.7943282347242822,2
1,1,0.7943282347242822,2
1,1,0.7943282347242822,2
1,1,0.7943282347242822,2
1,1,0.7943282347242822,2
1,1,0.7943282347242822,2
1,1,0.7943282347242822,2
1,1,0.7943282347242822,2
1,1,1,2
1,1,1,2
1,1,1,2
1,1,1,2
1,1,1,2
1,1,1,2
1,1,1,2
1,1,1,2
1,1,1,2
1,1,1,2
1,2,0.001,84
1,2,0.001,78
1,2,0.001,86
1,2,0.001,79
1,2,0.001,80
1,2,0.001,81
1,2,0.001,82
1,2,0.001,82
1,2,0.001,83
1,2,0.001,83
1,2,0.0012589254117941675,77
1,2,0.0012589254117941675,85
1,2,0.0012589254117941675,79
1,2,0.0012589254117941675,82
1,2,0.0012589254117941675,81
1,2,0.0012589254117941675,80
1,2,0.0012589254117941675,85
1,2,0.0012589254117941675,82
1,2,0.0012589254117941675,82
1,2,0.0012589254117941675,77
1,2,0.001584893192461114,83
1,2,0.001584893192461114,81
1,2,0.001584893192461114,81
1,2,0.001584893192461114,84
1,2,0.001584893192461114,82
1,2,0.001584893192461114,81
1,2,0.001584893192461114,80
1,2,0.001584893192461114,79
1,2,0.001584893192461114,76
1,2,0.001584893192461114,83
1,2,0.001995262314968879,82
1,2,0.001995262314968879,81
1,2,0.001995262314968879,80
1,2,0.001995262314968879,78
1,2,0.001995262314968879,80
1,2,0.001995262314968879,86
1,2,0.001995262314968879,84
1,2,0.001995262314968879,79
1,2,0.001995262314968879,83
1,2,0.001995262314968879,79
1,2,0.0025118864315095794,71
1,2,0.0025118864315095794,79
1,2,0.0025118864315095794,77
1,2,0.0025118864315095794,78
1,2,0.0025118864315095794,73
1,2,0.0025118864315095794,78
1,2,0.0025118864315095794,81
1,2,0.0025118864315095794,78
1,2,0.0025118864315095794,81
1,2,0.0025118864315095794,76
1,2,0.0031622776601683794,80
1,2,0.0031622776601683794,81
1,2,0.0031622776601683794,81
1,2,0.0031622776601683794,82
1,2,0.0031622776601683794,79
1,2,0.0031622776601683794,82
1,2,0.0031622776601683794,78
1,2,0.0031622776601683794,79
1,2,0.0031622776601683794,81
1,2,0.0031622776601683794,72
1,2,0.003981071705534973,78
1,2,0.003981071705534973,83
1,2,0.003981071705534973,75
1,2,0.003981071705534973,47
1,2,0.003981071705534973,80
1,2,0.003981071705534973,56
1,2,0.003981071705534973,79
1,2,0.003981071705534973,81
1,2,0.003981071705534973,81
1,2,0.003981071705534973,83
1,2,0.005011872336272725,67
1,2,0.005011872336272725,67
1,2,0.005011872336272725,57
1,2,0.005011872336272725,69
1,2,0.005011872336272725,42
1,2,0.005011872336272725,56
1,2,0.005011872336272725,72
1,2,0.005011872336272725,79
1,2,0.005011872336272725,55
1,2,0.005011872336272725,59
1,2,0.00630957344480193,68
1,2,0.00630957344480193,79
1,2,0.00630957344480193,77
1,2,0.00630957344480193,62
1,2,0.00630957344480193,62
1,2,0.00630957344480193,67
1,2,0.00630957344480193,57
1,2,0.00630957344480193,58
1,2,0.00630957344480193,63
1,2,0.00630957344480193,64
1,2,0.007943282347242814,67
1,2,0.007943282347242814,54
1,2,0.007943282347242814,33
1,2,0.007943282347242814,43
1,2,0.007943282347242814,51
1,2,0.007943282347242814,52
1,2,0.007943282347242814,56
1,2,0.007943282347242814,56
1,2,0.007943282347242814,48
1,2,0.007943282347242814,58
1,2,0.01,37
1,2,0.01,32
1,2,0.01,43
1,2,0.01,37
1,2,0.01,41
1,2,0.01,53
1,2,0.01,52
1,2,0.01,40
1,2,0.01,46
1,2,0.01,52
1,2,0.012589254117941675,35
1,2,0.012589254117941675,32
1,2,0.012589254117941675,36
1,2,0.012589254117941675,34
1,2,0.012589254117941675,32
1,2,0.012589254117941675,43
1,2,0.012589254117941675,35
1,2,0.012589254117941675,30
1,2,0.012589254117941675,33
1,2,0.012589254117941675,40
1,2,0.01584893192461114,23
1,2,0.01584893192461114,26
1,2,0.01584893192461114,25
1,2,0.01584893192461114,35
1,2,0.01584893192461114,30
1,2,0.01584893192461114,30
1,2,0.01584893192461114,25
1,2,0.01584893192461114,26
1,2,0.01584893192461114,26
1,2,0.01584893192461114,31
1,2,0.0199526231496888,18
1,2,0.0199526231496888,21
1,2,0.0199526231496888,24
1,2,0.0199526231496888,22
1,2,0.0199526231496888,15
1,2,0.0199526231496888,27
1,2,0.0199526231496888,18
1,2,0.0199526231496888,22
1,2,0.0199526231496888,23
1,2,0.0199526231496888,21
1,2,0.025118864315095808,20
1,2,0.025118864315095808,22
1,2,0.025118864315095808,16
1,2,0.025118864315095808,22
1,2,0.025118864315095808,19
1,2,0.025118864315095808,17
1,2,0.025118864315095808,18
1,2,0.025118864315095808,23
1,2,0.025118864315095808,20
1,2,0.025118864315095808,16
1,2,0.03162277660168379,16
1,2,0.03162277660168379,15
1,2,0.03162277660168379,17
1,2,0.03162277660168379,14
1,2,0.03162277660168379,13
1,2,0.03162277660168379,14
1,2,0.03162277660168379,15
1,2,0.03162277660168379,17
1,2,0.03162277660168379,12
1,2,0.03162277660168379,17
1,2,0.039810717055349734,11
1,2,0.039810717055349734,13
1,2,0.039810717055349734,10
1,2,0.039810717055349734,12
1,2,0.039810717055349734,12
1,2,0.039810717055349734,15
1,2,0.039810717055349734,13
1,2,0.039810717055349734,12
1,2,0.039810717055349734,11
1,2,0.039810717055349734,14
1,2,0.05011872336272725,13
1,2,0.05011872336272725,13
1,2,0.05011872336272725,11
1,2,0.05011872336272725,10
1,2,0.05011872336272725,8
1,2,0.05011872336272725,8
1,2,0.05011872336272725,10
1,2,0.05011872336272725,11
1,2,0.05011872336272725,9
1,2,0.05011872336272725,9
1,2,0.06309573444801933,11
1,2,0.06309573444801933,9
1,2,0.06309573444801933,10
1,2,0.06309573444801933,9
1,2,0.06309573444801933,8
1,2,0.06309573444801933,10
1,2,0.06309573444801933,9
1,2,0.06309573444801933,9
1,2,0.06309573444801933,9
1,2,0.06309573444801933,10
1,2,0.07943282347242818,9
1,2,0.07943282347242818,9
1,2,0.07943282347242818,6
1,2,0.07943282347242818,8
1,2,0.07943282347242818,8
1,2,0.07943282347242818,8
1,2,0.07943282347242818,8
1,2,0.07943282347242818,10
1,2,0.07943282347242818,7
1,2,0.07943282347242818,9
1,2,0.1,8
1,2,0.1,6
1,2,0.1,8
1,2,0.1,8
1,2,0.1,7
1,2,0.1,7
1,2,0.1,6
1,2,0.1,7
1,2,0.1,7
1,2,0.1,7
1,2,0.12589254117941676,6
1,2,0.12589254117941676,6
1,2,0.12589254117941676,6
1,2,0.12589254117941676,6
1,2,0.12589254117941676,6
1,2,0.12589254117941676,6
1,2,0.12589254117941676,6
1,2,0.12589254117941676,7
1,2,0.12589254117941676,9
1,2,0.12589254117941676,6
1,2,0.15848931924611143,6
1,2,0.15848931924611143,7
1,2,0.15848931924611143,6
1,2,0.15848931924611143,6
1,2,0.15848931924611143,5
1,2,0.15848931924611143,6
1,2,0.15848931924611143,6
1,2,0.15848931924611143,6
1,2,0.15848931924611143,6
1,2,0.15848931924611143,6
1,2,0.19952623149688808,5
1,2,0.19952623149688808,5
1,2,0.19952623149688808,6
1,2,0.19952623149688808,6
1,2,0.19952623149688808,6
1,2,0.19952623149688808,5
1,2,0.19952623149688808,6
1,2,0.19952623149688808,4
1,2,0.19952623149688808,4
1,2,0.19952623149688808,5
1,2,0.25118864315095824,5
1,2,0.25118864315095824,5
1,2,0.25118864315095824,5
1,2,0.25118864315095824,5
1,2,0.25118864315095824,5
1,2,0.25118864315095824,4
1,2,0.25118864315095824,6
1,2,0.25118864315095824,5
1,2,0.25118864315095824,5
1,2,0.25118864315095824,5
1,2,0.31622776601683794,5
1,2,0.31622776601683794,5
1,2,0.31622776601683794,4
1,2,0.31622776601683794,5
1,2,0.31622776601683794,5
1,2,0.31622776601683794,5
1,2,0.31622776601683794,5
1,2,0.31622776601683794,5
1,2,0.31622776601683794,4
1,2,0.31622776601683794,4
1,2,0.3981071705534973,6
1,2,0.3981071705534973,5
1,2,0.3981071705534973,5
1,2,0.3981071705534973,5
1,2,0.3981071705534973,5
1,2,0.3981071705534973,5
1,2,0.3981071705534973,5
1,2,0.3981071705534973,5
1,2,0.3981071705534973,5
1,2,0.3981071705534973,5
1,2,0.5011872336272725,6
1,2,0.5011872336272725,6
1,2,0.5011872336272725,5
1,2,0.5011872336272725,6
1,2,0.5011872336272725,5
1,2,0.5011872336272725,99999
1,2,0.5011872336272725,5
1,2,0.5011872336272725,6
1,2,0.5011872336272725,5
1,2,0.5011872336272725,5
1,2,0.6309573444801936,5
1,2,0.6309573444801936,5
1,2,0.6309573444801936,99999
1,2,0.6309573444801936,99999
1,2,0.6309573444801936,6
1,2,0.6309573444801936,9
1,2,0.6309573444801936,99999
1,2,0.6309573444801936,5
1,2,0.6309573444801936,5
1,2,0.6309573444801936,8
1,2,0.7943282347242822,9
1,2,0.7943282347242822,99999
1,2,0.7943282347242822,7
1,2,0.7943282347242822,99999
1,2,0.7943282347242822,6
1,2,0.7943282347242822,9
1,2,0.7943282347242822,99999
1,2,0.7943282347242822,7
1,2,0.7943282347242822,99999
1,2,0.7943282347242822,99999
1,2,1,10
1,2,1,99999
1,2,1,99999
1,2,1,5
1,2,1,99999
1,2,1,99999
1,2,1,99999
1,2,1,6
1,2,1,7
1,2,1,7
1,3,0.001,125
1,3,0.001,125
1,3,0.001,129
1,3,0.001,124
1,3,0.001,129
1,3,0.001,133
1,3,0.001,128
1,3,0.001,126
1,3,0.001,122
1,3,0.001,134
1,3,0.0012589254117941675,130
1,3,0.0012589254117941675,125
1,3,0.0012589254117941675,126
1,3,0.0012589254117941675,131
1,3,0.0012589254117941675,130
1,3,0.0012589254117941675,127
1,3,0.0012589254117941675,129
1,3,0.0012589254117941675,128
1,3,0.0012589254117941675,132
1,3,0.0012589254117941675,128
1,3,0.001584893192461114,133
1,3,0.001584893192461114,130
1,3,0.001584893192461114,130
1,3,0.001584893192461114,129
1,3,0.001584893192461114,129
1,3,0.001584893192461114,124
1,3,0.001584893192461114,128
1,3,0.001584893192461114,125
1,3,0.001584893192461114,128
1,3,0.001584893192461114,131
1,3,0.001995262314968879,124
1,3,0.001995262314968879,133
1,3,0.001995262314968879,131
1,3,0.001995262314968879,130
1,3,0.001995262314968879,130
1,3,0.001995262314968879,124
1,3,0.001995262314968879,134
1,3,0.001995262314968879,134
1,3,0.001995262314968879,133
1,3,0.001995262314968879,130
1,3,0.0025118864315095794,129
1,3,0.0025118864315095794,132
1,3,0.0025118864315095794,130
1,3,0.0025118864315095794,125
1,3,0.0025118864315095794,129
1,3,0.0025118864315095794,131
1,3,0.0025118864315095794,125
1,3,0.0025118864315095794,128
1,3,0.0025118864315095794,124
1,3,0.0025118864315095794,128
1,3,0.0031622776601683794,130
1,3,0.0031622776601683794,125
1,3,0.0031622776601683794,126
1,3,0.0031622776601683794,127
1,3,0.0031622776601683794,127
1,3,0.0031622776601683794,128
1,3,0.0031622776601683794,129
1,3,0.0031622776601683794,135
1,3,0.0031622776601683794,132
1,3,0.0031622776601683794,127
1,3,0.003981071705534973,126
1,3,0.003981071705534973,130
1,3,0.003981071705534973,125
1,3,0.003981071705534973,128
1,3,0.003981071705534973,129
1,3,0.003981071705534973,132
1,3,0.003981071705534973,130
1,3,0.003981071705534973,130
1,3,0.003981071705534973,123
1,3,0.003981071705534973,127
1,3,0.005011872336272725,130
1,3,0.005011872336272725,128
1,3,0.005011872336272725,126
1,3,0.005011872336272725,128
1,3,0.005011872336272725,125
1,3,0.005011872336272725,129
1,3,0.005011872336272725,123
1,3,0.005011872336272725,132
1,3,0.005011872336272725,126
1,3,0.005011872336272725,126
1,3,0.00630957344480193,126
1,3,0.00630957344480193,126
1,3,0.00630957344480193,129
1,3,0.00630957344480193,126
1,3,0.00630957344480193,129
1,3,0.00630957344480193,125
1,3,0.00630957344480193,135
1,3,0.00630957344480193,125
1,3,0.00630957344480193,126
1,3,0.00630957344480193,126
1,3,0.007943282347242814,126
1,3,0.007943282347242814,126
1,3,0.007943282347242814,133
1,3,0.007943282347242814,124
1,3,0.007943282347242814,130
1,3,0.007943282347242814,123
1,3,0.007943282347242814,132
1,3,0.007943282347242814,124
1,3,0.007943282347242814,128
1,3,0.007943282347242814,125
1,3,0.01,126
1,3,0.01,125
1,3,0.01,127
1,3,0.01,124
1,3,0.01,114
1,3,0.01,126
1,3,0.01,123
1,3,0.01,128
1,3,0.01,127
1,3,0.01,124
1,3,0.012589254117941675,125
1,3,0.012589254117941675,117
1,3,0.012589254117941675,119
1,3,0.012589254117941675,123
1,3,0.012589254117941675,126
1,3,0.012589254117941675,124
1,3,0.012589254117941675,120
1,3,0.012589254117941675,120
1,3,0.012589254117941675,127
1,3,0.012589254117941675,121
1,3,0.01584893192461114,125
1,3,0.01584893192461114,127
1,3,0.01584893192461114,129
1,3,0.01584893192461114,121
1,3,0.01584893192461114,116
1,3,0.01584893192461114,120
1,3,0.01584893192461114,107
1,3,0.01584893192461114,117
1,3,0.01584893192461114,127
1,3,0.01584893192461114,112
1,3,0.0199526231496888,94
1,3,0.0199526231496888,124
1,3,0.0199526231496888,96
1,3,0.0199526231496888,109
1,3,0.0199526231496888,122
1,3,0.0199526231496888,95
1,3,0.0199526231496888,119
1,3,0.0199526231496888,124
1,3,0.0199526231496888,116
1,3,0.0199526231496888,122
1,3,0.025118864315095808,100
1,3,0.025118864315095808,102
1,3,0.025118864315095808,88
1,3,0.025118864315095808,102
1,3,0.025118864315095808,109
1,3,0.025118864315095808,104
1,3,0.025118864315095808,89
1,3,0.025118864315095808,116
1,3,0.025118864315095808,94
1,3,0.025118864315095808,89
1,3,0.03162277660168379,79
1,3,0.03162277660168379,71
1,3,0.03162277660168379,69
1,3,0.03162277660168379,71
1,3,0.03162277660168379,92
1,3,0.03162277660168379,71
1,3,0.03162277660168379,82
1,3,0.03162277660168379,80
1,3,0.03162277660168379,89
1,3,0.03162277660168379,70
1,3,0.039810717055349734,50
1,3,0.039810717055349734,65
1,3,0.039810717055349734,74
1,3,0.039810717055349734,60
1,3,0.039810717055349734,90
1,3,0.039810717055349734,78
1,3,0.039810717055349734,75
1,3,0.039810717055349734,62
1,3,0.039810717055349734,59
1,3,0.039810717055349734,65
1,3,0.05011872336272725,57
1,3,0.05011872336272725,56
1,3,0.05011872336272725,57
1,3,0.05011872336272725,58
1,3,0.05011872336272725,59
1,3,0.05011872336272725,56
1,3,0.05011872336272725,44
1,3,0.05011872336272725,42
1,3,0.05011872336272725,46
1,3,0.05011872336272725,52
1,3,0.06309573444801933,45
1,3,0.06309573444801933,47
1,3,0.06309573444801933,47
1,3,0.06309573444801933,55
1,3,0.06309573444801933,47
1,3,0.06309573444801933,30
1,3,0.06309573444801933,49
1,3,0.06309573444801933,51
1,3,0.06309573444801933,44
1,3,0.06309573444801933,52
1,3,0.07943282347242818,37
1,3,0.07943282347242818,43
1,3,0.07943282347242818,40
1,3,0.07943282347242818,41
1,3,0.07943282347242818,30
1,3,0.07943282347242818,36
1,3,0.07943282347242818,30
1,3,0.07943282347242818,39
1,3,0.07943282347242818,39
1,3,0.07943282347242818,32
1,3,0.1,29
1,3,0.1,27
1,3,0.1,29
1,3,0.1,34
1,3,0.1,28
1,3,0.1,26
1,3,0.1,29
1,3,0.1,32
1,3,0.1,32
1,3,0.1,27
1,3,0.12589254117941676,28
1,3,0.12589254117941676,29
1,3,0.12589254117941676,31
1,3,0.12589254117941676,19
1,3,0.12589254117941676,24
1,3,0.12589254117941676,29
1,3,0.12589254117941676,30
1,3,0.12589254117941676,29
1,3,0.12589254117941676,29
1,3,0.12589254117941676,28
1,3,0.15848931924611143,23
1,3,0.15848931924611143,99999
1,3,0.15848931924611143,28
1,3,0.15848931924611143,34
1,3,0.15848931924611143,23
1,3,0.15848931924611143,18
1,3,0.15848931924611143,27
1,3,0.15848931924611143,21
1,3,0.15848931924611143,20
1,3,0.15848931924611143,22
1,3,0.19952623149688808,28
1,3,0.19952623149688808,26
1,3,0.19952623149688808,23
1,3,0.19952623149688808,22
1,3,0.19952623149688808,38
1,3,0.19952623149688808,19
1,3,0.19952623149688808,21
1,3,0.19952623149688808,29
1,3,0.19952623149688808,24
1,3,0.19952623149688808,37
1,3,0.25118864315095824,39
1,3,0.25118864315095824,99999
1,3,0.25118864315095824,29
1,3,0.25118864315095824,40
1,3,0.25118864315095824,30
1,3,0.25118864315095824,99999
1,3,0.25118864315095824,99999
1,3,0.25118864315095824,34
1,3,0.25118864315095824,24
1,3,0.25118864315095824,27
1,3,0.31622776601683794,99999
1,3,0.31622776601683794,99999
1,3,0.31622776601683794,99999
1,3,0.31622776601683794,99999
1,3,0.31622776601683794,99999
1,3,0.31622776601683794,99999
1,3,0.31622776601683794,99999
1,3,0.31622776601683794,41
1,3,0.31622776601683794,99999
1,3,0.31622776601683794,99999
1,3,0.3981071705534973,99999
1,3,0.3981071705534973,99999
1,3,0.3981071705534973,99999
1,3,0.3981071705534973,99999
1,3,0.3981071705534973,99999
1,3,0.3981071705534973,99999
1,3,0.3981071705534973,99999
1,3,0.3981071705534973,99999
1,3,0.3981071705534973,99999
1,3,0.3981071705534973,99999
1,3,0.5011872336272725,99999
1,3,0.5011872336272725,99999
1,3,0.5011872336272725,99999
1,3,0.5011872336272725,99999
1,3,0.5011872336272725,99999
1,3,0.5011872336272725,99999
1,3,0.5011872336272725,99999
1,3,0.5011872336272725,99999
1,3,0.5011872336272725,99999
1,3,0.5011872336272725,99999
1,3,0.6309573444801936,99999
1,3,0.6309573444801936,99999
1,3,0.6309573444801936,99999
1,3,0.6309573444801936,99999
1,3,0.6309573444801936,99999
1,3,0.6309573444801936,99999
1,3,0.6309573444801936,99999
1,3,0.6309573444801936,99999
1,3,0.6309573444801936,99999
1,3,0.6309573444801936,99999
1,3,0.7943282347242822,99999
1,3,0.7943282347242822,99999
1,3,0.7943282347242822,99999
1,3,0.7943282347242822,99999
1,3,0.7943282347242822,99999
1,3,0.7943282347242822,99999
1,3,0.7943282347242822,99999
1,3,0.7943282347242822,99999
1,3,0.7943282347242822,99999
1,3,0.7943282347242822,99999
1,3,1,99999
1,3,1,99999
1,3,1,99999
1,3,1,99999
1,3,1,99999
1,3,1,99999
1,3,1,99999
1,3,1,99999
1,3,1,99999
1,3,1,99999
2,1,0.001,10
2,1,0.001,13
2,1,0.001,16
2,1,0.001,9
2,1,0.001,14
2,1,0.001,12
2,1,0.001,17
2,1,0.001,11
2,1,0.001,18
2,1,0.001,14
2,1,0.0012589254117941675,12
2,1,0.0012589254117941675,10
2,1,0.0012589254117941675,9
2,1,0.0012589254117941675,10
2,1,0.0012589254117941675,19
2,1,0.0012589254117941675,15
2,1,0.0012589254117941675,13
2,1,0.0012589254117941675,13
2,1,0.0012589254117941675,11
2,1,0.0012589254117941675,10
2,1,0.001584893192461114,8
2,1,0.001584893192461114,11
2,1,0.001584893192461114,11
2,1,0.001584893192461114,11
2,1,0.001584893192461114,12
2,1,0.001584893192461114,11
2,1,0.001584893192461114,9
2,1,0.001584893192461114,11
2,1,0.001584893192461114,9
2,1,0.001584893192461114,10
2,1,0.001995262314968879,9
2,1,0.001995262314968879,8
2,1,0.001995262314968879,10
2,1,0.001995262314968879,8
2,1,0.001995262314968879,9
2,1,0.001995262314968879,8
2,1,0.001995262314968879,12
2,1,0.001995262314968879,8
2,1,0.001995262314968879,9
2,1,0.001995262314968879,9
2,1,0.0025118864315095794,8
2,1,0.0025118864315095794,9
2,1,0.0025118864315095794,7
2,1,0.0025118864315095794,8
2,1,0.0025118864315095794,7
2,1,0.0025118864315095794,7
2,1,0.0025118864315095794,7
2,1,0.0025118864315095794,7
2,1,0.0025118864315095794,9
2,1,0.0025118864315095794,11
2,1,0.0031622776601683794,7
2,1,0.0031622776601683794,8
2,1,0.0031622776601683794,8
2,1,0.0031622776601683794,7
2,1,0.0031622776601683794,7
2,1,0.0031622776601683794,9
2,1,0.0031622776601683794,6
2,1,0.0031622776601683794,6
2,1,0.0031622776601683794,7
2,1,0.0031622776601683794,7
2,1,0.003981071705534973,7
2,1,0.003981071705534973,5
2,1,0.003981071705534973,7
2,1,0.003981071705534973,6
2,1,0.003981071705534973,5
2,1,0.003981071705534973,6
2,1,0.003981071705534973,6
2,1,0.003981071705534973,7
2,1,0.003981071705534973,6
2,1,0.003981071705534973,5
2,1,0.005011872336272725,6
2,1,0.005011872336272725,6
2,1,0.005011872336272725,6
2,1,0.005011872336272725,6
2,1,0.005011872336272725,5
2,1,0.005011872336272725,6
2,1,0.005011872336272725,5
2,1,0.005011872336272725,6
2,1,0.005011872336272725,6
2,1,0.005011872336272725,6
2,1,0.00630957344480193,5
2,1,0.00630957344480193,5
2,1,0.00630957344480193,6
2,1,0.00630957344480193,5
2,1,0.00630957344480193,5
2,1,0.00630957344480193,5
2,1,0.00630957344480193,4
2,1,0.00630957344480193,5
2,1,0.00630957344480193,5
2,1,0.00630957344480193,6
2,1,0.007943282347242814,5
2,1,0.007943282347242814,6
2,1,0.007943282347242814,4
2,1,0.007943282347242814,4
2,1,0.007943282347242814,6
2,1,0.007943282347242814,4
2,1,0.007943282347242814,4
2,1,0.007943282347242814,5
2,1,0.007943282347242814,6
2,1,0.007943282347242814,5
2,1,0.01,5
2,1,0.01,4
2,1,0.01,5
2,1,0.01,4
2,1,0.01,5
2,1,0.01,4
2,1,0.01,4
2,1,0.01,4
2,1,0.01,4
2,1,0.01,5
2,1,0.012589254117941675,4
2,1,0.012589254117941675,4
2,1,0.012589254117941675,4
2,1,0.012589254117941675,4
2,1,0.012589254117941675,4
2,1,0.012589254117941675,4
2,1,0.012589254117941675,4
2,1,0.012589254117941675,4
2,1,0.012589254117941675,3
2,1,0.012589254117941675,4
2,1,0.01584893192461114,5
2,1,0.01584893192461114,3
2,1,0.01584893192461114,3
2,1,0.01584893192461114,4
2,1,0.01584893192461114,3
2,1,0.01584893192461114,3
2,1,0.01584893192461114,3
2,1,0.01584893192461114,3
2,1,0.01584893192461114,4
2,1,0.01584893192461114,4
2,1,0.0199526231496888,3
2,1,0.0199526231496888,3
2,1,0.0199526231496888,3
2,1,0.0199526231496888,3
2,1,0.0199526231496888,3
2,1,0.0199526231496888,3
2,1,0.0199526231496888,4
2,1,0.0199526231496888,3
2,1,0.0199526231496888,3
2,1,0.0199526231496888,3
2,1,0.025118864315095808,3
2,1,0.025118864315095808,3
2,1,0.025118864315095808,3
2,1,0.025118864315095808,3
2,1,0.025118864315095808,3
2,1,0.025118864315095808,3
2,1,0.025118864315095808,3
2,1,0.025118864315095808,3
2,1,0.025118864315095808,3
2,1,0.025118864315095808,3
2,1,0.03162277660168379,3
2,1,0.03162277660168379,3
2,1,0.03162277660168379,3
2,1,0.03162277660168379,3
2,1,0.03162277660168379,3
2,1,0.03162277660168379,3
2,1,0.03162277660168379,3
2,1,0.03162277660168379,3
2,1,0.03162277660168379,3
2,1,0.03162277660168379,3
2,1,0.039810717055349734,3
2,1,0.039810717055349734,3
2,1,0.039810717055349734,3
2,1,0.039810717055349734,3
2,1,0.039810717055349734,3
2,1,0.039810717055349734,3
2,1,0.039810717055349734,2
2,1,0.039810717055349734,3
2,1,0.039810717055349734,3
2,1,0.039810717055349734,3
2,1,0.05011872336272725,2
2,1,0.05011872336272725,3
2,1,0.05011872336272725,3
2,1,0.05011872336272725,3
2,1,0.05011872336272725,2
2,1,0.05011872336272725,3
2,1,0.05011872336272725,3
2,1,0.05011872336272725,3
2,1,0.05011872336272725,3
2,1,0.05011872336272725,3
2,1,0.06309573444801933,3
2,1,0.06309573444801933,2
2,1,0.06309573444801933,2
2,1,0.06309573444801933,2
2,1,0.06309573444801933,2
2,1,0.06309573444801933,3
2,1,0.06309573444801933,2
2,1,0.06309573444801933,2
2,1,0.06309573444801933,3
2,1,0.06309573444801933,2
2,1,0.07943282347242818,2
2,1,0.07943282347242818,2
2,1,0.07943282347242818,2
2,1,0.07943282347242818,2
2,1,0.07943282347242818,2
2,1,0.07943282347242818,2
2,1,0.07943282347242818,2
2,1,0.07943282347242818,2
2,1,0.07943282347242818,3
2,1,0.07943282347242818,2
2,1,0.1,2
2,1,0.1,2
2,1,0.1,2
2,1,0.1,2
2,1,0.1,2
2,1,0.1,2
2,1,0.1,2
2,1,0.1,2
2,1,0.1,2
2,1,0.1,2
2,1,0.12589254117941676,2
2,1,0.12589254117941676,2
2,1,0.12589254117941676,2
2,1,0.12589254117941676,2
2,1,0.12589254117941676,2
2,1,0.12589254117941676,2
2,1,0.12589254117941676,2
2,1,0.12589254117941676,2
2,1,0.12589254117941676,2
2,1,0.12589254117941676,2
2,1,0.15848931924611143,2
2,1,0.15848931924611143,2
2,1,0.15848931924611143,2
2,1,0.15848931924611143,2
2,1,0.15848931924611143,2
2,1,0.15848931924611143,2
2,1,0.15848931924611143,2
2,1,0.15848931924611143,2
2,1,0.15848931924611143,2
2,1,0.15848931924611143,2
2,1,0.19952623149688808,2
2,1,0.19952623149688808,2
2,1,0.19952623149688808,2
2,1,0.19952623149688808,2
2,1,0.19952623149688808,2
2,1,0.19952623149688808,2
2,1,0.19952623149688808,2
2,1,0.19952623149688808,2
2,1,0.19952623149688808,2
2,1,0.19952623149688808,2
2,1,0.25118864315095824,2
2,1,0.25118864315095824,2
2,1,0.25118864315095824,2
2,1,0.25118864315095824,2
2,1,0.25118864315095824,2
2,1,0.25118864315095824,2
2,1,0.25118864315095824,2
2,1,0.25118864315095824,2
2,1,0.25118864315095824,2
2,1,0.25118864315095824,2
2,1,0.31622776601683794,2
2,1,0.31622776601683794,2
2,1,0.31622776601683794,2
2,1,0.31622776601683794,2
2,1,0.31622776601683794,2
2,1,0.31622776601683794,2
2,1,0.31622776601683794,2
2,1,0.31622776601683794,2
2,1,0.31622776601683794,2
2,1,0.31622776601683794,2
2,1,0.3981071705534973,2
2,1,0.3981071705534973,2
2,1,0.3981071705534973,2
2,1,0.3981071705534973,2
2,1,0.3981071705534973,2
2,1,0.3981071705534973,2
2,1,0.3981071705534973,2
2,1,0.3981071705534973,2
2,1,0.3981071705534973,2
2,1,0.3981071705534973,2
2,1,0.5011872336272725,2
2,1,0.5011872336272725,2
2,1,0.5011872336272725,2
2,1,0.5011872336272725,2
2,1,0.5011872336272725,2
2,1,0.5011872336272725,2
2,1,0.5011872336272725,2
2,1,0.5011872336272725,2
2,1,0.5011872336272725,2
2,1,0.5011872336272725,2
2,1,0.6309573444801936,2
2,1,0.6309573444801936,2
2,1,0.6309573444801936,2
2,1,0.6309573444801936,2
2,1,0.6309573444801936,2
2,1,0.6309573444801936,2
2,1,0.6309573444801936,2
2,1,0.6309573444801936,2
2,1,0.6309573444801936,2
2,1,0.6309573444801936,2
2,1,0.7943282347242822,2
2,1,0.7943282347242822,2
2,1,0.7943282347242822,2
2,1,0.7943282347242822,2
2,1,0.7943282347242822,2
2,1,0.7943282347242822,2
2,1,0.7943282347242822,2
2,1,0.7943282347242822,2
2,1,0.7943282347242822,2
2,1,0.7943282347242822,2
2,1,1,2
2,1,1,2
2,1,1,2
2,1,1,2
2,1,1,2
2,1,1,2
2,1,1,2
2,1,1,2
2,1,1,2
2,1,1,2
2,2,0.001,79
2,2,0.001,80
2,2,0.001,79
2,2,0.001,83
2,2,0.001,80
2,2,0.001,79
2,2,0.001,76
2,2,0.001,81
2,2,0.001,78
2,2,0.001,83
2,2,0.0012589254117941675,79
2,2,0.0012589254117941675,80
2,2,0.0012589254117941675,83
2,2,0.0012589254117941675,82
2,2,0.0012589254117941675,82
2,2,0.0012589254117941675,82
2,2,0.0012589254117941675,76
2,2,0.0012589254117941675,81
2,2,0.0012589254117941675,76
2,2,0.0012589254117941675,82
2,2,0.001584893192461114,84
2,2,0.001584893192461114,77
2,2,0.001584893192461114,79
2,2,0.001584893192461114,81
2,2,0.001584893192461114,79
2,2,0.001584893192461114,79
2,2,0.001584893192461114,79
2,2,0.001584893192461114,81
2,2,0.001584893192461114,84
2,2,0.001584893192461114,78
2,2,0.001995262314968879,77
2,2,0.001995262314968879,82
2,2,0.001995262314968879,80
2,2,0.001995262314968879,78
2,2,0.001995262314968879,80
2,2,0.001995262314968879,80
2,2,0.001995262314968879,76
2,2,0.001995262314968879,78
2,2,0.001995262314968879,78
2,2,0.001995262314968879,84
2,2,0.0025118864315095794,76
2,2,0.0025118864315095794,76
2,2,0.0025118864315095794,72
2,2,0.0025118864315095794,81
2,2,0.0025118864315095794,80
2,2,0.0025118864315095794,77
2,2,0.0025118864315095794,77
2,2,0.0025118864315095794,73
2,2,0.0025118864315095794,75
2,2,0.0025118864315095794,81
2,2,0.0031622776601683794,80
2,2,0.0031622776601683794,75
2,2,0.0031622776601683794,76
2,2,0.0031622776601683794,79
2,2,0.0031622776601683794,75
2,2,0.0031622776601683794,79
2,2,0.0031622776601683794,75
2,2,0.0031622776601683794,78
2,2,0.0031622776601683794,79
2,2,0.0031622776601683794,69
2,2,0.003981071705534973,66
2,2,0.003981071705534973,70
2,2,0.003981071705534973,72
2,2,0.003981071705534973,55
2,2,0.003981071705534973,77
2,2,0.003981071705534973,56
2,2,0.003981071705534973,71
2,2,0.003981071705534973,62
2,2,0.003981071705534973,75
2,2,0.003981071705534973,68
2,2,0.005011872336272725,79
2,2,0.005011872336272725,60
2,2,0.005011872336272725,76
2,2,0.005011872336272725,74
2,2,0.005011872336272725,72
2,2,0.005011872336272725,78
2,2,0.005011872336272725,66
2,2,0.005011872336272725,73
2,2,0.005011872336272725,76
2,2,0.005011872336272725,72
2,2,0.00630957344480193,68
2,2,0.00630957344480193,48
2,2,0.00630957344480193,46
2,2,0.00630957344480193,41
2,2,0.00630957344480193,55
2,2,0.00630957344480193,48
2,2,0.00630957344480193,45
2,2,0.00630957344480193,75
2,2,0.00630957344480193,69
2,2,0.00630957344480193,64
2,2,0.007943282347242814,44
2,2,0.007943282347242814,60
2,2,0.007943282347242814,54
2,2,0.007943282347242814,47
2,2,0.007943282347242814,39
2,2,0.007943282347242814,54
2,2,0.007943282347242814,49
2,2,0.007943282347242814,49
2,2,0.007943282347242814,43
2,2,0.007943282347242814,54
2,2,0.01,38
2,2,0.01,32
2,2,0.01,32
2,2,0.01,30
2,2,0.01,37
2,2,0.01,42
2,2,0.01,36
2,2,0.01,48
2,2,0.01,34
2,2,0.01,47
2,2,0.012589254117941675,32
2,2,0.012589254117941675,41
2,2,0.012589254117941675,36
2,2,0.012589254117941675,35
2,2,0.012589254117941675,29
2,2,0.012589254117941675,40
2,2,0.012589254117941675,29
2,2,0.012589254117941675,35
2,2,0.012589254117941675,29
2,2,0.012589254117941675,34
2,2,0.01584893192461114,33
2,2,0.01584893192461114,27
2,2,0.01584893192461114,28
2,2,0.01584893192461114,24
2,2,0.01584893192461114,29
2,2,0.01584893192461114,30
2,2,0.01584893192461114,29
2,2,0.01584893192461114,28
2,2,0.01584893192461114,32
2,2,0.01584893192461114,29
2,2,0.0199526231496888,24
2,2,0.0199526231496888,16
2,2,0.0199526231496888,16
2,2,0.0199526231496888,25
2,2,0.0199526231496888,17
2,2,0.0199526231496888,26
2,2,0.0199526231496888,23
2,2,0.0199526231496888,26
2,2,0.0199526231496888,20
2,2,0.0199526231496888,21
2,2,0.025118864315095808,20
2,2,0.025118864315095808,12
2,2,0.025118864315095808,21
2,2,0.025118864315095808,15
2,2,0.025118864315095808,19
2,2,0.025118864315095808,21
2,2,0.025118864315095808,16
2,2,0.025118864315095808,21
2,2,0.025118864315095808,14
2,2,0.025118864315095808,21
2,2,0.03162277660168379,11
2,2,0.03162277660168379,12
2,2,0.03162277660168379,15
2,2,0.03162277660168379,16
2,2,0.03162277660168379,12
2,2,0.03162277660168379,11
2,2,0.03162277660168379,11
2,2,0.03162277660168379,17
2,2,0.03162277660168379,13
2,2,0.03162277660168379,11
2,2,0.039810717055349734,13
2,2,0.039810717055349734,9
2,2,0.039810717055349734,10
2,2,0.039810717055349734,12
2,2,0.039810717055349734,11
2,2,0.039810717055349734,16
2,2,0.039810717055349734,9
2,2,0.039810717055349734,10
2,2,0.039810717055349734,10
2,2,0.039810717055349734,10
2,2,0.05011872336272725,9
2,2,0.05011872336272725,9
2,2,0.05011872336272725,11
2,2,0.05011872336272725,10
2,2,0.05011872336272725,11
2,2,0.05011872336272725,10
2,2,0.05011872336272725,11
2,2,0.05011872336272725,11
2,2,0.05011872336272725,7
2,2,0.05011872336272725,10
2,2,0.06309573444801933,11
2,2,0.06309573444801933,10
2,2,0.06309573444801933,7
2,2,0.06309573444801933,7
2,2,0.06309573444801933,7
2,2,0.06309573444801933,8
2,2,0.06309573444801933,10
2,2,0.06309573444801933,8
2,2,0.06309573444801933,10
2,2,0.06309573444801933,7
2,2,0.07943282347242818,7
2,2,0.07943282347242818,8
2,2,0.07943282347242818,7
2,2,0.07943282347242818,7
2,2,0.07943282347242818,6
2,2,0.07943282347242818,8
2,2,0.07943282347242818,5
2,2,0.07943282347242818,9
2,2,0.07943282347242818,6
2,2,0.07943282347242818,6
2,2,0.1,7
2,2,0.1,5
2,2,0.1,5
2,2,0.1,6
2,2,0.1,6
2,2,0.1,6
2,2,0.1,5
2,2,0.1,4
2,2,0.1,8
2,2,0.1,5
2,2,0.12589254117941676,5
2,2,0.12589254117941676,5
2,2,0.12589254117941676,6
2,2,0.12589254117941676,5
2,2,0.12589254117941676,5
2,2,0.12589254117941676,7
2,2,0.12589254117941676,4
2,2,0.12589254117941676,5
2,2,0.12589254117941676,5
2,2,0.12589254117941676,4
2,2,0.15848931924611143,4
2,2,0.15848931924611143,5
2,2,0.15848931924611143,6
2,2,0.15848931924611143,4
2,2,0.15848931924611143,4
2,2,0.15848931924611143,5
2,2,0.15848931924611143,5
2,2,0.15848931924611143,4
2,2,0.15848931924611143,5
2,2,0.15848931924611143,5
2,2,0.19952623149688808,4
2,2,0.19952623149688808,4
2,2,0.19952623149688808,4
2,2,0.19952623149688808,4
2,2,0.19952623149688808,4
2,2,0.19952623149688808,4
2,2,0.19952623149688808,4
2,2,0.19952623149688808,5
2,2,0.19952623149688808,4
2,2,0.19952623149688808,4
2,2,0.25118864315095824,4
2,2,0.25118864315095824,4
2,2,0.25118864315095824,3
2,2,0.25118864315095824,4
2,2,0.25118864315095824,4
2,2,0.25118864315095824,4
2,2,0.25118864315095824,3
2,2,0.25118864315095824,3
2,2,0.25118864315095824,4
2,2,0.25118864315095824,4
2,2,0.31622776601683794,4
2,2,0.31622776601683794,4
2,2,0.31622776601683794,4
2,2,0.31622776601683794,4
2,2,0.31622776601683794,3
2,2,0.31622776601683794,4
2,2,0.31622776601683794,4
2,2,0.31622776601683794,4
2,2,0.31622776601683794,4
2,2,0.31622776601683794,3
2,2,0.3981071705534973,4
2,2,0.3981071705534973,3
2,2,0.3981071705534973,3
2,2,0.3981071705534973,3
2,2,0.3981071705534973,3
2,2,0.3981071705534973,3
2,2,0.3981071705534973,3
2,2,0.3981071705534973,3
2,2,0.3981071705534973,3
2,2,0.3981071705534973,3
2,2,0.5011872336272725,3
2,2,0.5011872336272725,3
2,2,0.5011872336272725,3
2,2,0.5011872336272725,3
2,2,0.5011872336272725,3
2,2,0.5011872336272725,3
2,2,0.5011872336272725,3
2,2,0.5011872336272725,3
2,2,0.5011872336272725,3
2,2,0.5011872336272725,3
2,2,0.6309573444801936,3
2,2,0.6309573444801936,3
2,2,0.6309573444801936,3
2,2,0.6309573444801936,3
2,2,0.6309573444801936,3
2,2,0.6309573444801936,3
2,2,0.6309573444801936,3
2,2,0.6309573444801936,3
2,2,0.6309573444801936,3
2,2,0.6309573444801936,3
2,2,0.7943282347242822,3
2,2,0.7943282347242822,3
2,2,0.7943282347242822,3
2,2,0.7943282347242822,3
2,2,0.7943282347242822,3
2,2,0.7943282347242822,3
2,2,0.7943282347242822,3
2,2,0.7943282347242822,3
2,2,0.7943282347242822,3
2,2,0.7943282347242822,3
2,2,1,3
2,2,1,3
2,2,1,3
2,2,1,3
2,2,1,3
2,2,1,3
2,2,1,3
2,2,1,3
2,2,1,3
2,2,1,3
2,3,0.001,126
2,3,0.001,126
2,3,0.001,120
2,3,0.001,126
2,3,0.001,125
2,3,0.001,127
2,3,0.001,121
2,3,0.001,122
2,3,0.001,123
2,3,0.001,126
2,3,0.0012589254117941675,125
2,3,0.0012589254117941675,125
2,3,0.0012589254117941675,125
2,3,0.0012589254117941675,124
2,3,0.0012589254117941675,122
2,3,0.0012589254117941675,125
2,3,0.0012589254117941675,125
2,3,0.0012589254117941675,129
2,3,0.0012589254117941675,125
2,3,0.0012589254117941675,126
2,3,0.001584893192461114,124
2,3,0.001584893192461114,122
2,3,0.001584893192461114,127
2,3,0.001584893192461114,121
2,3,0.001584893192461114,117
2,3,0.001584893192461114,123
2,3,0.001584893192461114,128
2,3,0.001584893192461114,124
2,3,0.001584893192461114,127
2,3,0.001584893192461114,123
2,3,0.001995262314968879,121
2,3,0.001995262314968879,120
2,3,0.001995262314968879,120
2,3,0.001995262314968879,126
2,3,0.001995262314968879,127
2,3,0.001995262314968879,120
2,3,0.001995262314968879,124
2,3,0.001995262314968879,126
2,3,0.001995262314968879,124
2,3,0.001995262314968879,126
2,3,0.0025118864315095794,124
2,3,0.0025118864315095794,122
2,3,0.0025118864315095794,120
2,3,0.0025118864315095794,120
2,3,0.0025118864315095794,123
2,3,0.0025118864315095794,121
2,3,0.0025118864315095794,121
2,3,0.0025118864315095794,117
2,3,0.0025118864315095794,121
2,3,0.0025118864315095794,122
2,3,0.0031622776601683794,127
2,3,0.0031622776601683794,121
2,3,0.0031622776601683794,124
2,3,0.0031622776601683794,119
2,3,0.0031622776601683794,124
2,3,0.0031622776601683794,119
2,3,0.0031622776601683794,122
2,3,0.0031622776601683794,125
2,3,0.0031622776601683794,126
2,3,0.0031622776601683794,126
2,3,0.003981071705534973,124
2,3,0.003981071705534973,120
2,3,0.003981071705534973,123
2,3,0.003981071705534973,122
2,3,0.003981071705534973,124
2,3,0.003981071705534973,124
2,3,0.003981071705534973,121
2,3,0.003981071705534973,123
2,3,0.003981071705534973,118
2,3,0.003981071705534973,119
2,3,0.005011872336272725,119
2,3,0.005011872336272725,115
2,3,0.005011872336272725,121
2,3,0.005011872336272725,118
2,3,0.005011872336272725,119
2,3,0.005011872336272725,125
2,3,0.005011872336272725,122
2,3,0.005011872336272725,122
2,3,0.005011872336272725,122
2,3,0.005011872336272725,118
2,3,0.00630957344480193,121
2,3,0.00630957344480193,121
2,3,0.00630957344480193,115
2,3,0.00630957344480193,119
2,3,0.00630957344480193,119
2,3,0.00630957344480193,121
2,3,0.00630957344480193,121
2,3,0.00630957344480193,120
2,3,0.00630957344480193,120
2,3,0.00630957344480193,62
2,3,0.007943282347242814,118
2,3,0.007943282347242814,120
2,3,0.007943282347242814,119
2,3,0.007943282347242814,120
2,3,0.007943282347242814,117
2,3,0.007943282347242814,120
2,3,0.007943282347242814,116
2,3,0.007943282347242814,121
2,3,0.007943282347242814,115
2,3,0.007943282347242814,118
2,3,0.01,118
2,3,0.01,109
2,3,0.01,117
2,3,0.01,117
2,3,0.01,115
2,3,0.01,121
2,3,0.01,121
2,3,0.01,97
2,3,0.01,113
2,3,0.01,117
2,3,0.012589254117941675,114
2,3,0.012589254117941675,115
2,3,0.012589254117941675,111
2,3,0.012589254117941675,117
2,3,0.012589254117941675,121
2,3,0.012589254117941675,116
2,3,0.012589254117941675,118
2,3,0.012589254117941675,114
2,3,0.012589254117941675,117
2,3,0.012589254117941675,114
2,3,0.01584893192461114,110
2,3,0.01584893192461114,113
2,3,0.01584893192461114,105
2,3,0.01584893192461114,109
2,3,0.01584893192461114,104
2,3,0.01584893192461114,114
2,3,0.01584893192461114,112
2,3,0.01584893192461114,107
2,3,0.01584893192461114,105
2,3,0.01584893192461114,107
2,3,0.0199526231496888,102
2,3,0.0199526231496888,89
2,3,0.0199526231496888,101
2,3,0.0199526231496888,109
2,3,0.0199526231496888,80
2,3,0.0199526231496888,89
2,3,0.0199526231496888,104
2,3,0.0199526231496888,102
2,3,0.0199526231496888,93
2,3,0.0199526231496888,102
2,3,0.025118864315095808,91
2,3,0.025118864315095808,86
2,3,0.025118864315095808,92
2,3,0.025118864315095808,90
2,3,0.025118864315095808,82
2,3,0.025118864315095808,93
2,3,0.025118864315095808,94
2,3,0.025118864315095808,83
2,3,0.025118864315095808,61
2,3,0.025118864315095808,91
2,3,0.03162277660168379,67
2,3,0.03162277660168379,65
2,3,0.03162277660168379,40
2,3,0.03162277660168379,70
2,3,0.03162277660168379,69
2,3,0.03162277660168379,90
2,3,0.03162277660168379,70
2,3,0.03162277660168379,63
2,3,0.03162277660168379,49
2,3,0.03162277660168379,58
2,3,0.039810717055349734,55
2,3,0.039810717055349734,35
2,3,0.039810717055349734,49
2,3,0.039810717055349734,63
2,3,0.039810717055349734,52
2,3,0.039810717055349734,58
2,3,0.039810717055349734,56
2,3,0.039810717055349734,52
2,3,0.039810717055349734,33
2,3,0.039810717055349734,32
2,3,0.05011872336272725,42
2,3,0.05011872336272725,28
2,3,0.05011872336272725,47
2,3,0.05011872336272725,23
2,3,0.05011872336272725,37
2,3,0.05011872336272725,44
2,3,0.05011872336272725,50
2,3,0.05011872336272725,19
2,3,0.05011872336272725,42
2,3,0.05011872336272725,27
2,3,0.06309573444801933,21
2,3,0.06309573444801933,23
2,3,0.06309573444801933,32
2,3,0.06309573444801933,31
2,3,0.06309573444801933,35
2,3,0.06309573444801933,24
2,3,0.06309573444801933,17
2,3,0.06309573444801933,17
2,3,0.06309573444801933,28
2,3,0.06309573444801933,19
2,3,0.07943282347242818,15
2,3,0.07943282347242818,17
2,3,0.07943282347242818,16
2,3,0.07943282347242818,14
2,3,0.07943282347242818,14
2,3,0.07943282347242818,24
2,3,0.07943282347242818,22
2,3,0.07943282347242818,16
2,3,0.07943282347242818,29
2,3,0.07943282347242818,17
2,3,0.1,30
2,3,0.1,19
2,3,0.1,21
2,3,0.1,14
2,3,0.1,15
2,3,0.1,12
2,3,0.1,13
2,3,0.1,11
2,3,0.1,17
2,3,0.1,19
2,3,0.12589254117941676,19
2,3,0.12589254117941676,10
2,3,0.12589254117941676,13
2,3,0.12589254117941676,10
2,3,0.12589254117941676,9
2,3,0.12589254117941676,9
2,3,0.12589254117941676,10
2,3,0.12589254117941676,13
2,3,0.12589254117941676,20
2,3,0.12589254117941676,22
2,3,0.15848931924611143,10
2,3,0.15848931924611143,10
2,3,0.15848931924611143,11
2,3,0.15848931924611143,16
2,3,0.15848931924611143,8
2,3,0.15848931924611143,11
2,3,0.15848931924611143,12
2,3,0.15848931924611143,11
2,3,0.15848931924611143,9
2,3,0.15848931924611143,8
2,3,0.19952623149688808,12
2,3,0.19952623149688808,16
2,3,0.19952623149688808,6
2,3,0.19952623149688808,7
2,3,0.19952623149688808,8
2,3,0.19952623149688808,8
2,3,0.19952623149688808,8
2,3,0.19952623149688808,9
2,3,0.19952623149688808,9
2,3,0.19952623149688808,9
2,3,0.25118864315095824,7
2,3,0.25118864315095824,6
2,3,0.25118864315095824,7
2,3,0.25118864315095824,7
2,3,0.25118864315095824,7
2,3,0.25118864315095824,6
2,3,0.25118864315095824,8
2,3,0.25118864315095824,6
2,3,0.25118864315095824,7
2,3,0.25118864315095824,9
2,3,0.31622776601683794,6
2,3,0.31622776601683794,9
2,3,0.31622776601683794,6
2,3,0.31622776601683794,6
2,3,0.31622776601683794,6
2,3,0.31622776601683794,7
2,3,0.31622776601683794,6
2,3,0.31622776601683794,7
2,3,0.31622776601683794,8
2,3,0.31622776601683794,6
2,3,0.3981071705534973,6
2,3,0.3981071705534973,8
2,3,0.3981071705534973,6
2,3,0.3981071705534973,6
2,3,0.3981071705534973,5
2,3,0.3981071705534973,7
2,3,0.3981071705534973,5
2,3,0.3981071705534973,5
2,3,0.3981071705534973,6
2,3,0.3981071705534973,7
2,3,0.5011872336272725,5
2,3,0.5011872336272725,5
2,3,0.5011872336272725,4
2,3,0.5011872336272725,4
2,3,0.5011872336272725,4
2,3,0.5011872336272725,4
2,3,0.5011872336272725,5
2,3,0.5011872336272725,4
2,3,0.5011872336272725,4
2,3,0.5011872336272725,5
2,3,0.6309573444801936,4
2,3,0.6309573444801936,3
2,3,0.6309573444801936,4
2,3,0.6309573444801936,3
2,3,0.6309573444801936,3
2,3,0.6309573444801936,4
2,3,0.6309573444801936,4
2,3,0.6309573444801936,3
2,3,0.6309573444801936,4
2,3,0.6309573444801936,3
2,3,0.7943282347242822,3
2,3,0.7943282347242822,3
2,3,0.7943282347242822,3
2,3,0.7943282347242822,3
2,3,0.7943282347242822,3
2,3,0.7943282347242822,3
2,3,0.7943282347242822,3
2,3,0.7943282347242822,3
2,3,0.7943282347242822,3
2,3,0.7943282347242822,4
2,3,1,3
2,3,1,3
2,3,1,3
2,3,1,3
2,3,1,3
2,3,1,3
2,3,1,3
2,3,1,3
2,3,1,3
2,3,1,3
3,1,0.001,15
3,1,0.001,11
3,1,0.001,11
3,1,0.001,13
3,1,0.001,11
3,1,0.001,14
3,1,0.001,16
3,1,0.001,12
3,1,0.001,12
3,1,0.001,16
3,1,0.0012589254117941675,15
3,1,0.0012589254117941675,13
3,1,0.0012589254117941675,11
3,1,0.0012589254117941675,13
3,1,0.0012589254117941675,14
3,1,0.0012589254117941675,10
3,1,0.0012589254117941675,11
3,1,0.0012589254117941675,17
3,1,0.0012589254117941675,13
3,1,0.0012589254117941675,13
3,1,0.001584893192461114,9
3,1,0.001584893192461114,9
3,1,0.001584893192461114,10
3,1,0.001584893192461114,11
3,1,0.001584893192461114,13
3,1,0.001584893192461114,13
3,1,0.001584893192461114,12
3,1,0.001584893192461114,13
3,1,0.001584893192461114,10
3,1,0.001584893192461114,10
3,1,0.001995262314968879,9
3,1,0.001995262314968879,10
3,1,0.001995262314968879,7
3,1,0.001995262314968879,8
3,1,0.001995262314968879,9
3,1,0.001995262314968879,9
3,1,0.001995262314968879,10
3,1,0.001995262314968879,12
3,1,0.001995262314968879,11
3,1,0.001995262314968879,9
3,1,0.0025118864315095794,9
3,1,0.0025118864315095794,10
3,1,0.0025118864315095794,8
3,1,0.0025118864315095794,9
3,1,0.0025118864315095794,8
3,1,0.0025118864315095794,8
3,1,0.0025118864315095794,8
3,1,0.0025118864315095794,8
3,1,0.0025118864315095794,9
3,1,0.0025118864315095794,7
3,1,0.0031622776601683794,7
3,1,0.0031622776601683794,7
3,1,0.0031622776601683794,8
3,1,0.0031622776601683794,7
3,1,0.0031622776601683794,6
3,1,0.0031622776601683794,7
3,1,0.0031622776601683794,8
3,1,0.0031622776601683794,6
3,1,0.0031622776601683794,7
3,1,0.0031622776601683794,7
3,1,0.003981071705534973,9
3,1,0.003981071705534973,6
3,1,0.003981071705534973,7
3,1,0.003981071705534973,7
3,1,0.003981071705534973,7
3,1,0.003981071705534973,6
3,1,0.003981071705534973,5
3,1,0.003981071705534973,7
3,1,0.003981071705534973,6
3,1,0.003981071705534973,6
3,1,0.005011872336272725,5
3,1,0.005011872336272725,5
3,1,0.005011872336272725,7
3,1,0.005011872336272725,7
3,1,0.005011872336272725,5
3,1,0.005011872336272725,5
3,1,0.005011872336272725,6
3,1,0.005011872336272725,6
3,1,0.005011872336272725,6
3,1,0.005011872336272725,5
3,1,0.00630957344480193,5
3,1,0.00630957344480193,6
3,1,0.00630957344480193,5
3,1,0.00630957344480193,5
3,1,0.00630957344480193,5
3,1,0.00630957344480193,5
3,1,0.00630957344480193,5
3,1,0.00630957344480193,5
3,1,0.00630957344480193,5
3,1,0.00630957344480193,5
3,1,0.007943282347242814,6
3,1,0.007943282347242814,4
3,1,0.007943282347242814,5
3,1,0.007943282347242814,5
3,1,0.007943282347242814,4
3,1,0.007943282347242814,5
3,1,0.007943282347242814,4
3,1,0.007943282347242814,5
3,1,0.007943282347242814,5
3,1,0.007943282347242814,4
3,1,0.01,4
3,1,0.01,4
3,1,0.01,5
3,1,0.01,4
3,1,0.01,4
3,1,0.01,4
3,1,0.01,5
3,1,0.01,4
3,1,0.01,4
3,1,0.01,4
3,1,0.012589254117941675,4
3,1,0.012589254117941675,4
3,1,0.012589254117941675,5
3,1,0.012589254117941675,4
3,1,0.012589254117941675,4
3,1,0.012589254117941675,4
3,1,0.012589254117941675,4
3,1,0.012589254117941675,4
3,1,0.012589254117941675,4
3,1,0.012589254117941675,4
3,1,0.01584893192461114,3
3,1,0.01584893192461114,3
3,1,0.01584893192461114,4
3,1,0.01584893192461114,4
3,1,0.01584893192461114,4
3,1,0.01584893192461114,4
3,1,0.01584893192461114,3
3,1,0.01584893192461114,4
3,1,0.01584893192461114,3
3,1,0.01584893192461114,3
3,1,0.0199526231496888,3
3,1,0.0199526231496888,3
3,1,0.0199526231496888,3
3,1,0.0199526231496888,4
3,1,0.0199526231496888,3
3,1,0.0199526231496888,3
3,1,0.0199526231496888,3
3,1,0.0199526231496888,3
3,1,0.0199526231496888,3
3,1,0.0199526231496888,3
3,1,0.025118864315095808,3
3,1,0.025118864315095808,3
3,1,0.025118864315095808,3
3,1,0.025118864315095808,3
3,1,0.025118864315095808,3
3,1,0.025118864315095808,3
3,1,0.025118864315095808,4
3,1,0.025118864315095808,3
3,1,0.025118864315095808,3
3,1,0.025118864315095808,3
3,1,0.03162277660168379,3
3,1,0.03162277660168379,3
3,1,0.03162277660168379,3
3,1,0.03162277660168379,3
3,1,0.03162277660168379,3
3,1,0.03162277660168379,3
3,1,0.03162277660168379,3
3,1,0.03162277660168379,3
3,1,0.03162277660168379,3
3,1,0.03162277660168379,3
3,1,0.039810717055349734,3
3,1,0.039810717055349734,3
3,1,0.039810717055349734,3
3,1,0.039810717055349734,3
3,1,0.039810717055349734,3
3,1,0.039810717055349734,3
3,1,0.039810717055349734,3
3,1,0.039810717055349734,3
3,1,0.039810717055349734,3
3,1,0.039810717055349734,3
3,1,0.05011872336272725,3
3,1,0.05011872336272725,3
3,1,0.05011872336272725,3
3,1,0.05011872336272725,2
3,1,0.05011872336272725,2
3,1,0.05011872336272725,3
3,1,0.05011872336272725,3
3,1,0.05011872336272725,3
3,1,0.05011872336272725,3
3,1,0.05011872336272725,3
3,1,0.06309573444801933,2
3,1,0.06309573444801933,2
3,1,0.06309573444801933,2
3,1,0.06309573444801933,2
3,1,0.06309573444801933,2
3,1,0.06309573444801933,2
3,1,0.06309573444801933,3
3,1,0.06309573444801933,2
3,1,0.06309573444801933,2
3,1,0.06309573444801933,2
3,1,0.07943282347242818,2
3,1,0.07943282347242818,2
3,1,0.07943282347242818,2
3,1,0.07943282347242818,3
3,1,0.07943282347242818,2
3,1,0.07943282347242818,2
3,1,0.07943282347242818,2
3,1,0.07943282347242818,2
3,1,0.07943282347242818,2
3,1,0.07943282347242818,2
3,1,0.1,2
3,1,0.1,2
3,1,0.1,2
3,1,0.1,2
3,1,0.1,2
3,1,0.1,2
3,1,0.1,2
3,1,0.1,2
3,1,0.1,2
3,1,0.1,2
3,1,0.12589254117941676,2
3,1,0.12589254117941676,2
3,1,0.12589254117941676,2
3,1,0.12589254117941676,2
3,1,0.12589254117941676,2
3,1,0.12589254117941676,2
3,1,0.12589254117941676,2
3,1,0.12589254117941676,2
3,1,0.12589254117941676,2
3,1,0.12589254117941676,2
3,1,0.15848931924611143,2
3,1,0.15848931924611143,2
3,1,0.15848931924611143,2
3,1,0.15848931924611143,2
3,1,0.15848931924611143,2
3,1,0.15848931924611143,2
3,1,0.15848931924611143,2
3,1,0.15848931924611143,2
3,1,0.15848931924611143,2
3,1,0.15848931924611143,2
3,1,0.19952623149688808,2
3,1,0.19952623149688808,2
3,1,0.19952623149688808,2
3,1,0.19952623149688808,2
3,1,0.19952623149688808,2
3,1,0.19952623149688808,2
3,1,0.19952623149688808,2
3,1,0.19952623149688808,2
3,1,0.19952623149688808,2
3,1,0.19952623149688808,2
3,1,0.25118864315095824,2
3,1,0.25118864315095824,2
3,1,0.25118864315095824,2
3,1,0.25118864315095824,2
3,1,0.25118864315095824,2
3,1,0.25118864315095824,2
3,1,0.25118864315095824,2
3,1,0.25118864315095824,2
3,1,0.25118864315095824,2
3,1,0.25118864315095824,2
3,1,0.31622776601683794,2
3,1,0.31622776601683794,2
3,1,0.31622776601683794,2
3,1,0.31622776601683794,2
3,1,0.31622776601683794,2
3,1,0.31622776601683794,2
3,1,0.31622776601683794,2
3,1,0.31622776601683794,2
3,1,0.31622776601683794,2
3,1,0.31622776601683794,2
3,1,0.3981071705534973,2
3,1,0.3981071705534973,2
3,1,0.3981071705534973,2
3,1,0.3981071705534973,2
3,1,0.3981071705534973,2
3,1,0.3981071705534973,2
3,1,0.3981071705534973,2
3,1,0.3981071705534973,2
3,1,0.3981071705534973,2
3,1,0.3981071705534973,2
3,1,0.5011872336272725,2
3,1,0.5011872336272725,2
3,1,0.5011872336272725,2
3,1,0.5011872336272725,2
3,1,0.5011872336272725,2
3,1,0.5011872336272725,2
3,1,0.5011872336272725,2
3,1,0.5011872336272725,2
3,1,0.5011872336272725,2
3,1,0.5011872336272725,2
3,1,0.6309573444801936,2
3,1,0.6309573444801936,2
3,1,0.6309573444801936,2
3,1,0.6309573444801936,2
3,1,0.6309573444801936,2
3,1,0.6309573444801936,2
3,1,0.6309573444801936,2
3,1,0.6309573444801936,2
3,1,0.6309573444801936,2
3,1,0.6309573444801936,2
3,1,0.7943282347242822,2
3,1,0.7943282347242822,2
3,1,0.7943282347242822,2
3,1,0.7943282347242822,2
3,1,0.7943282347242822,2
3,1,0.7943282347242822,2
3,1,0.7943282347242822,2
3,1,0.7943282347242822,2
3,1,0.7943282347242822,2
3,1,0.7943282347242822,2
3,1,1,2
3,1,1,2
3,1,1,2
3,1,1,2
3,1,1,2
3,1,1,2
3,1,1,2
3,1,1,2
3,1,1,2
3,1,1,2
3,2,0.001,45
3,2,0.001,55
3,2,0.001,68
3,2,0.001,30
3,2,0.001,19
3,2,0.001,41
3,2,0.001,34
3,2,0.001,33
3,2,0.001,38
3,2,0.001,63
3,2,0.0012589254117941675,30
3,2,0.0012589254117941675,58
3,2,0.0012589254117941675,40
3,2,0.0012589254117941675,29
3,2,0.0012589254117941675,54
3,2,0.0012589254117941675,33
3,2,0.0012589254117941675,38
3,2,0.0012589254117941675,58
3,2,0.0012589254117941675,41
3,2,0.0012589254117941675,29
3,2,0.001584893192461114,44
3,2,0.001584893192461114,42
3,2,0.001584893192461114,42
3,2,0.001584893192461114,26
3,2,0.001584893192461114,22
3,2,0.001584893192461114,43
3,2,0.001584893192461114,55
3,2,0.001584893192461114,27
3,2,0.001584893192461114,44
3,2,0.001584893192461114,46
3,2,0.001995262314968879,30
3,2,0.001995262314968879,22
3,2,0.001995262314968879,28
3,2,0.001995262314968879,36
3,2,0.001995262314968879,26
3,2,0.001995262314968879,32
3,2,0.001995262314968879,36
3,2,0.001995262314968879,31
3,2,0.001995262314968879,28
3,2,0.001995262314968879,36
3,2,0.0025118864315095794,20
3,2,0.0025118864315095794,18
3,2,0.0025118864315095794,30
3,2,0.0025118864315095794,27
3,2,0.0025118864315095794,21
3,2,0.0025118864315095794,24
3,2,0.0025118864315095794,23
3,2,0.0025118864315095794,27
3,2,0.0025118864315095794,39
3,2,0.0025118864315095794,34
3,2,0.0031622776601683794,29
3,2,0.0031622776601683794,21
3,2,0.0031622776601683794,34
3,2,0.0031622776601683794,20
3,2,0.0031622776601683794,24
3,2,0.0031622776601683794,25
3,2,0.0031622776601683794,22
3,2,0.0031622776601683794,36
3,2,0.0031622776601683794,18
3,2,0.0031622776601683794,32
3,2,0.003981071705534973,23
3,2,0.003981071705534973,28
3,2,0.003981071705534973,21
3,2,0.003981071705534973,30
3,2,0.003981071705534973,22
3,2,0.003981071705534973,24
3,2,0.003981071705534973,20
3,2,0.003981071705534973,18
3,2,0.003981071705534973,19
3,2,0.003981071705534973,18
3,2,0.005011872336272725,13
3,2,0.005011872336272725,19
3,2,0.005011872336272725,15
3,2,0.005011872336272725,18
3,2,0.005011872336272725,15
3,2,0.005011872336272725,18
3,2,0.005011872336272725,21
3,2,0.005011872336272725,17
3,2,0.005011872336272725,18
3,2,0.005011872336272725,21
3,2,0.00630957344480193,14
3,2,0.00630957344480193,16
3,2,0.00630957344480193,14
3,2,0.00630957344480193,12
3,2,0.00630957344480193,17
3,2,0.00630957344480193,17
3,2,0.00630957344480193,16
3,2,0.00630957344480193,14
3,2,0.00630957344480193,16
3,2,0.00630957344480193,17
3,2,0.007943282347242814,17
3,2,0.007943282347242814,13
3,2,0.007943282347242814,15
3,2,0.007943282347242814,11
3,2,0.007943282347242814,13
3,2,0.007943282347242814,12
3,2,0.007943282347242814,14
3,2,0.007943282347242814,19
3,2,0.007943282347242814,18
3,2,0.007943282347242814,19
3,2,0.01,12
3,2,0.01,11
3,2,0.01,11
3,2,0.01,16
3,2,0.01,10
3,2,0.01,12
3,2,0.01,15
3,2,0.01,10
3,2,0.01,15
3,2,0.01,14
3,2,0.012589254117941675,9
3,2,0.012589254117941675,9
3,2,0.012589254117941675,11
3,2,0.012589254117941675,11
3,2,0.012589254117941675,8
3,2,0.012589254117941675,11
3,2,0.012589254117941675,9
3,2,0.012589254117941675,10
3,2,0.012589254117941675,10
3,2,0.012589254117941675,13
3,2,0.01584893192461114,11
3,2,0.01584893192461114,10
3,2,0.01584893192461114,9
3,2,0.01584893192461114,8
3,2,0.01584893192461114,8
3,2,0.01584893192461114,8
3,2,0.01584893192461114,10
3,2,0.01584893192461114,10
3,2,0.01584893192461114,9
3,2,0.01584893192461114,8
3,2,0.0199526231496888,7
3,2,0.0199526231496888,8
3,2,0.0199526231496888,7
3,2,0.0199526231496888,8
3,2,0.0199526231496888,9
3,2,0.0199526231496888,8
3,2,0.0199526231496888,7
3,2,0.0199526231496888,9
3,2,0.0199526231496888,7
3,2,0.0199526231496888,8
3,2,0.025118864315095808,6
3,2,0.025118864315095808,7
3,2,0.025118864315095808,8
3,2,0.025118864315095808,6
3,2,0.025118864315095808,6
3,2,0.025118864315095808,7
3,2,0.025118864315095808,7
3,2,0.025118864315095808,7
3,2,0.025118864315095808,7
3,2,0.025118864315095808,8
3,2,0.03162277660168379,6
3,2,0.03162277660168379,6
3,2,0.03162277660168379,7
3,2,0.03162277660168379,6
3,2,0.03162277660168379,6
3,2,0.03162277660168379,6
3,2,0.03162277660168379,7
3,2,0.03162277660168379,7
3,2,0.03162277660168379,5
3,2,0.03162277660168379,6
3,2,0.039810717055349734,6
3,2,0.039810717055349734,6
3,2,0.039810717055349734,6
3,2,0.039810717055349734,6
3,2,0.039810717055349734,6
3,2,0.039810717055349734,5
3,2,0.039810717055349734,6
3,2,0.039810717055349734,6
3,2,0.039810717055349734,5
3,2,0.039810717055349734,6
3,2,0.05011872336272725,5
3,2,0.05011872336272725,5
3,2,0.05011872336272725,6
3,2,0.05011872336272725,5
3,2,0.05011872336272725,5
3,2,0.05011872336272725,5
3,2,0.05011872336272725,5
3,2,0.05011872336272725,5
3,2,0.05011872336272725,5
3,2,0.05011872336272725,5
3,2,0.06309573444801933,4
3,2,0.06309573444801933,4
3,2,0.06309573444801933,5
3,2,0.06309573444801933,4
3,2,0.06309573444801933,5
3,2,0.06309573444801933,4
3,2,0.06309573444801933,5
3,2,0.06309573444801933,5
3,2,0.06309573444801933,5
3,2,0.06309573444801933,4
3,2,0.07943282347242818,4
3,2,0.07943282347242818,4
3,2,0.07943282347242818,4
3,2,0.07943282347242818,5
3,2,0.07943282347242818,5
3,2,0.07943282347242818,4
3,2,0.07943282347242818,4
3,2,0.07943282347242818,5
3,2,0.07943282347242818,4
3,2,0.07943282347242818,4
3,2,0.1,4
3,2,0.1,4
3,2,0.1,4
3,2,0.1,4
3,2,0.1,4
3,2,0.1,4
3,2,0.1,4
3,2,0.1,4
3,2,0.1,4
3,2,0.1,4
3,2,0.12589254117941676,4
3,2,0.12589254117941676,3
3,2,0.12589254117941676,4
3,2,0.12589254117941676,4
3,2,0.12589254117941676,4
3,2,0.12589254117941676,4
3,2,0.12589254117941676,4
3,2,0.12589254117941676,3
3,2,0.12589254117941676,4
3,2,0.12589254117941676,4
3,2,0.15848931924611143,4
3,2,0.15848931924611143,4
3,2,0.15848931924611143,3
3,2,0.15848931924611143,4
3,2,0.15848931924611143,3
3,2,0.15848931924611143,3
3,2,0.15848931924611143,3
3,2,0.15848931924611143,3
3,2,0.15848931924611143,3
3,2,0.15848931924611143,4
3,2,0.19952623149688808,3
3,2,0.19952623149688808,3
3,2,0.19952623149688808,3
3,2,0.19952623149688808,3
3,2,0.19952623149688808,3
3,2,0.19952623149688808,3
3,2,0.19952623149688808,3
3,2,0.19952623149688808,3
3,2,0.19952623149688808,3
3,2,0.19952623149688808,4
3,2,0.25118864315095824,3
3,2,0.25118864315095824,3
3,2,0.25118864315095824,3
3,2,0.25118864315095824,3
3,2,0.25118864315095824,3
3,2,0.25118864315095824,3
3,2,0.25118864315095824,3
3,2,0.25118864315095824,3
3,2,0.25118864315095824,3
3,2,0.25118864315095824,3
3,2,0.31622776601683794,3
3,2,0.31622776601683794,3
3,2,0.31622776601683794,3
3,2,0.31622776601683794,3
3,2,0.31622776601683794,3
3,2,0.31622776601683794,3
3,2,0.31622776601683794,3
3,2,0.31622776601683794,3
3,2,0.31622776601683794,3
3,2,0.31622776601683794,3
3,2,0.3981071705534973,3
3,2,0.3981071705534973,3
3,2,0.3981071705534973,3
3,2,0.3981071705534973,3
3,2,0.3981071705534973,3
3,2,0.3981071705534973,3
3,2,0.3981071705534973,3
3,2,0.3981071705534973,3
3,2,0.3981071705534973,3
3,2,0.3981071705534973,3
3,2,0.5011872336272725,3
3,2,0.5011872336272725,3
3,2,0.5011872336272725,3
3,2,0.5011872336272725,3
3,2,0.5011872336272725,3
3,2,0.5011872336272725,3
3,2,0.5011872336272725,3
3,2,0.5011872336272725,3
3,2,0.5011872336272725,3
3,2,0.5011872336272725,3
3,2,0.6309573444801936,3
3,2,0.6309573444801936,3
3,2,0.6309573444801936,3
3,2,0.6309573444801936,3
3,2,0.6309573444801936,3
3,2,0.6309573444801936,3
3,2,0.6309573444801936,3
3,2,0.6309573444801936,3
3,2,0.6309573444801936,3
3,2,0.6309573444801936,3
3,2,0.7943282347242822,3
3,2,0.7943282347242822,3
3,2,0.7943282347242822,3
3,2,0.7943282347242822,3
3,2,0.7943282347242822,3
3,2,0.7943282347242822,3
3,2,0.7943282347242822,3
3,2,0.7943282347242822,3
3,2,0.7943282347242822,3
3,2,0.7943282347242822,3
3,2,1,3
3,2,1,3
3,2,1,3
3,2,1,3
3,2,1,3
3,2,1,3
3,2,1,3
3,2,1,3
3,2,1,3
3,2,1,3
3,3,0.001,70
3,3,0.001,105
3,3,0.001,49
3,3,0.001,62
3,3,0.001,67
3,3,0.001,57
3,3,0.001,55
3,3,0.001,101
3,3,0.001,44
3,3,0.001,45
3,3,0.0012589254117941675,52
3,3,0.0012589254117941675,57
3,3,0.0012589254117941675,53
3,3,0.0012589254117941675,38
3,3,0.0012589254117941675,57
3,3,0.0012589254117941675,54
3,3,0.0012589254117941675,57
3,3,0.0012589254117941675,87
3,3,0.0012589254117941675,35
3,3,0.0012589254117941675,39
3,3,0.001584893192461114,38
3,3,0.001584893192461114,68
3,3,0.001584893192461114,89
3,3,0.001584893192461114,71
3,3,0.001584893192461114,33
3,3,0.001584893192461114,81
3,3,0.001584893192461114,43
3,3,0.001584893192461114,75
3,3,0.001584893192461114,43
3,3,0.001584893192461114,73
3,3,0.001995262314968879,58
3,3,0.001995262314968879,46
3,3,0.001995262314968879,63
3,3,0.001995262314968879,54
3,3,0.001995262314968879,72
3,3,0.001995262314968879,44
3,3,0.001995262314968879,46
3,3,0.001995262314968879,37
3,3,0.001995262314968879,53
3,3,0.001995262314968879,60
3,3,0.0025118864315095794,53
3,3,0.0025118864315095794,50
3,3,0.0025118864315095794,39
3,3,0.0025118864315095794,36
3,3,0.0025118864315095794,40
3,3,0.0025118864315095794,40
3,3,0.0025118864315095794,30
3,3,0.0025118864315095794,44
3,3,0.0025118864315095794,39
3,3,0.0025118864315095794,36
3,3,0.0031622776601683794,33
3,3,0.0031622776601683794,38
3,3,0.0031622776601683794,38
3,3,0.0031622776601683794,55
3,3,0.0031622776601683794,27
3,3,0.0031622776601683794,42
3,3,0.0031622776601683794,34
3,3,0.0031622776601683794,22
3,3,0.0031622776601683794,47
3,3,0.0031622776601683794,36
3,3,0.003981071705534973,38
3,3,0.003981071705534973,25
3,3,0.003981071705534973,34
3,3,0.003981071705534973,27
3,3,0.003981071705534973,21
3,3,0.003981071705534973,21
3,3,0.003981071705534973,22
3,3,0.003981071705534973,20
3,3,0.003981071705534973,30
3,3,0.003981071705534973,32
3,3,0.005011872336272725,32
3,3,0.005011872336272725,23
3,3,0.005011872336272725,32
3,3,0.005011872336272725,30
3,3,0.005011872336272725,34
3,3,0.005011872336272725,24
3,3,0.005011872336272725,29
3,3,0.005011872336272725,35
3,3,0.005011872336272725,39
3,3,0.005011872336272725,30
3,3,0.00630957344480193,31
3,3,0.00630957344480193,19
3,3,0.00630957344480193,21
3,3,0.00630957344480193,23
3,3,0.00630957344480193,19
3,3,0.00630957344480193,19
3,3,0.00630957344480193,21
3,3,0.00630957344480193,25
3,3,0.00630957344480193,20
3,3,0.00630957344480193,28
3,3,0.007943282347242814,20
3,3,0.007943282347242814,24
3,3,0.007943282347242814,17
3,3,0.007943282347242814,23
3,3,0.007943282347242814,28
3,3,0.007943282347242814,16
3,3,0.007943282347242814,16
3,3,0.007943282347242814,18
3,3,0.007943282347242814,14
3,3,0.007943282347242814,19
3,3,0.01,18
3,3,0.01,16
3,3,0.01,25
3,3,0.01,16
3,3,0.01,23
3,3,0.01,23
3,3,0.01,18
3,3,0.01,16
3,3,0.01,18
3,3,0.01,19
3,3,0.012589254117941675,16
3,3,0.012589254117941675,14
3,3,0.012589254117941675,19
3,3,0.012589254117941675,15
3,3,0.012589254117941675,15
3,3,0.012589254117941675,17
3,3,0.012589254117941675,13
3,3,0.012589254117941675,16
3,3,0.012589254117941675,12
3,3,0.012589254117941675,16
3,3,0.01584893192461114,13
3,3,0.01584893192461114,14
3,3,0.01584893192461114,15
3,3,0.01584893192461114,10
3,3,0.01584893192461114,14
3,3,0.01584893192461114,15
3,3,0.01584893192461114,17
3,3,0.01584893192461114,11
3,3,0.01584893192461114,13
3,3,0.01584893192461114,13
3,3,0.0199526231496888,15
3,3,0.0199526231496888,11
3,3,0.0199526231496888,12
3,3,0.0199526231496888,10
3,3,0.0199526231496888,12
3,3,0.0199526231496888,12
3,3,0.0199526231496888,12
3,3,0.0199526231496888,11
3,3,0.0199526231496888,14
3,3,0.0199526231496888,13
3,3,0.025118864315095808,14
3,3,0.025118864315095808,10
3,3,0.025118864315095808,10
3,3,0.025118864315095808,11
3,3,0.025118864315095808,10
3,3,0.025118864315095808,11
3,3,0.025118864315095808,10
3,3,0.025118864315095808,10
3,3,0.025118864315095808,10
3,3,0.025118864315095808,10
3,3,0.03162277660168379,10
3,3,0.03162277660168379,8
3,3,0.03162277660168379,8
3,3,0.03162277660168379,8
3,3,0.03162277660168379,8
3,3,0.03162277660168379,10
3,3,0.03162277660168379,9
3,3,0.03162277660168379,7
3,3,0.03162277660168379,8
3,3,0.03162277660168379,9
3,3,0.039810717055349734,7
3,3,0.039810717055349734,8
3,3,0.039810717055349734,8
3,3,0.039810717055349734,7
3,3,0.039810717055349734,9
3,3,0.039810717055349734,8
3,3,0.039810717055349734,8
3,3,0.039810717055349734,8
3,3,0.039810717055349734,7
3,3,0.039810717055349734,6
3,3,0.05011872336272725,7
3,3,0.05011872336272725,7
3,3,0.05011872336272725,7
3,3,0.05011872336272725,7
3,3,0.05011872336272725,6
3,3,0.05011872336272725,8
3,3,0.05011872336272725,7
3,3,0.05011872336272725,8
3,3,0.05011872336272725,7
3,3,0.05011872336272725,6
3,3,0.06309573444801933,6
3,3,0.06309573444801933,6
3,3,0.06309573444801933,6
3,3,0.06309573444801933,6
3,3,0.06309573444801933,7
3,3,0.06309573444801933,7
3,3,0.06309573444801933,6
3,3,0.06309573444801933,6
3,3,0.06309573444801933,7
3,3,0.06309573444801933,6
3,3,0.07943282347242818,5
3,3,0.07943282347242818,5
3,3,0.07943282347242818,6
3,3,0.07943282347242818,6
3,3,0.07943282347242818,5
3,3,0.07943282347242818,5
3,3,0.07943282347242818,5
3,3,0.07943282347242818,5
3,3,0.07943282347242818,5
3,3,0.07943282347242818,5
3,3,0.1,5
3,3,0.1,5
3,3,0.1,5
3,3,0.1,5
3,3,0.1,5
3,3,0.1,5
3,3,0.1,5
3,3,0.1,5
3,3,0.1,5
3,3,0.1,5
3,3,0.12589254117941676,4
3,3,0.12589254117941676,5
3,3,0.12589254117941676,4
3,3,0.12589254117941676,4
3,3,0.12589254117941676,5
3,3,0.12589254117941676,4
3,3,0.12589254117941676,5
3,3,0.12589254117941676,5
3,3,0.12589254117941676,4
3,3,0.12589254117941676,5
3,3,0.15848931924611143,5
3,3,0.15848931924611143,5
3,3,0.15848931924611143,4
3,3,0.15848931924611143,4
3,3,0.15848931924611143,5
3,3,0.15848931924611143,5
3,3,0.15848931924611143,5
3,3,0.15848931924611143,4
3,3,0.15848931924611143,4
3,3,0.15848931924611143,4
3,3,0.19952623149688808,4
3,3,0.19952623149688808,4
3,3,0.19952623149688808,4
3,3,0.19952623149688808,5
3,3,0.19952623149688808,4
3,3,0.19952623149688808,5
3,3,0.19952623149688808,4
3,3,0.19952623149688808,4
3,3,0.19952623149688808,5
3,3,0.19952623149688808,4
3,3,0.25118864315095824,4
3,3,0.25118864315095824,4
3,3,0.25118864315095824,4
3,3,0.25118864315095824,4
3,3,0.25118864315095824,4
3,3,0.25118864315095824,4
3,3,0.25118864315095824,4
3,3,0.25118864315095824,4
3,3,0.25118864315095824,4
3,3,0.25118864315095824,4
3,3,0.31622776601683794,4
3,3,0.31622776601683794,4
3,3,0.31622776601683794,4
3,3,0.31622776601683794,4
3,3,0.31622776601683794,4
3,3,0.31622776601683794,4
3,3,0.31622776601683794,4
3,3,0.31622776601683794,4
3,3,0.31622776601683794,4
3,3,0.31622776601683794,4
3,3,0.3981071705534973,4
3,3,0.3981071705534973,4
3,3,0.3981071705534973,4
3,3,0.3981071705534973,4
3,3,0.3981071705534973,4
3,3,0.3981071705534973,4
3,3,0.3981071705534973,4
3,3,0.3981071705534973,4
3,3,0.3981071705534973,4
3,3,0.3981071705534973,4
3,3,0.5011872336272725,3
3,3,0.5011872336272725,4
3,3,0.5011872336272725,3
3,3,0.5011872336272725,3
3,3,0.5011872336272725,3
3,3,0.5011872336272725,4
3,3,0.5011872336272725,4
3,3,0.5011872336272725,4
3,3,0.5011872336272725,3
3,3,0.5011872336272725,4
3,3,0.6309573444801936,3
3,3,0.6309573444801936,3
3,3,0.6309573444801936,3
3,3,0.6309573444801936,4
3,3,0.6309573444801936,3
3,3,0.6309573444801936,3
3,3,0.6309573444801936,3
3,3,0.6309573444801936,3
3,3,0.6309573444801936,3
3,3,0.6309573444801936,3
3,3,0.7943282347242822,3
3,3,0.7943282347242822,3
3,3,0.7943282347242822,3
3,3,0.7943282347242822,3
3,3,0.7943282347242822,3
3,3,0.7943282347242822,3
3,3,0.7943282347242822,3
3,3,0.7943282347242822,3
3,3,0.7943282347242822,3
3,3,0.7943282347242822,3
3,3,1,3
3,3,1,3
3,3,1,3
3,3,1,3
3,3,1,3
3,3,1,3
3,3,1,3
3,3,1,3
3,3,1,3
3,3,1,3
